<?xml version="1.0" encoding="UTF-8" ?>
<XMLDB PATH="question/type/shortanswerrea/db" VERSION="20200609" COMMENT="XMLDB file for Moodle question/type/shortanswerrea"
    xmlns:xsi="http://www.w3.org/2001/XMLSchema-instance"
    xsi:noNamespaceSchemaLocation="../../../../lib/xmldb/xmldb.xsd"
>
  <TABLES>
    <TABLE NAME="qtype_shortanswerrea_options" COMMENT="Options for short answer questions">
      <FIELDS>
        <FIELD NAME="id" TYPE="int" LENGTH="10" NOTNULL="true" SEQUENCE="true"/>
        <FIELD NAME="questionid" TYPE="int" LENGTH="10" NOTNULL="true" DEFAULT="0" SEQUENCE="false" COMMENT="Foreign key references question.id."/>
        <FIELD NAME="usecase" TYPE="int" LENGTH="2" NOTNULL="true" DEFAULT="0" SEQUENCE="false" COMMENT="Whether answers are matched case-sensitively."/>
        <FIELD NAME="profiledata" TYPE="char" LENGTH="20" NOTNULL="true" DEFAULT="0" SEQUENCE="false" COMMENT="Profile field."/>
        <FIELD NAME="tip" TYPE="char" LENGTH="255" NOTNULL="false" SEQUENCE="false"/>
      </FIELDS>
      <KEYS>
        <KEY NAME="primary" TYPE="primary" FIELDS="id"/>
        <KEY NAME="questionid" TYPE="foreign-unique" FIELDS="questionid" REFTABLE="question" REFFIELDS="id"/>
      </KEYS>
    </TABLE>
    <TABLE NAME="conf_submission" COMMENT="Submission for conferential system">
      <FIELDS>
        <FIELD NAME="id" TYPE="int" LENGTH="10" NOTNULL="true" SEQUENCE="true"/>
        <FIELD NAME="userid" TYPE="int" LENGTH="10" NOTNULL="false" SEQUENCE="false" COMMENT="User id"/>
        <FIELD NAME="courseid" TYPE="int" LENGTH="10" NOTNULL="false" SEQUENCE="false" COMMENT="Course id"/>
        <FIELD NAME="quizid" TYPE="int" LENGTH="10" NOTNULL="false" SEQUENCE="false" COMMENT="Quiz id"/>
        <FIELD NAME="attemptid" TYPE="int" LENGTH="10" NOTNULL="false" SEQUENCE="false" COMMENT="Attempt id"/>
        <FIELD NAME="quiestionid" TYPE="int" LENGTH="10" NOTNULL="false" SEQUENCE="false" COMMENT="Question id"/>
        <FIELD NAME="questiontext" TYPE="char" LENGTH="255" NOTNULL="false" SEQUENCE="false" COMMENT="Question text"/>
        <FIELD NAME="answer" TYPE="char" LENGTH="1333" NOTNULL="false" SEQUENCE="false" COMMENT="Answer"/>
      </FIELDS>
      <KEYS>
        <KEY NAME="primary" TYPE="primary" FIELDS="id"/>
      </KEYS>
    </TABLE>
  </TABLES>
</XMLDB>