<?xml version="1.0" encoding="UTF-8" ?>
<XMLDB PATH="question/type/confdist/db" VERSION="20200621" COMMENT="XMLDB file for Moodle question/type/confdist"
    xmlns:xsi="http://www.w3.org/2001/XMLSchema-instance"
    xsi:noNamespaceSchemaLocation="../../../../lib/xmldb/xmldb.xsd"
>
  <TABLES>
    <TABLE NAME="qtype_confdist_options" COMMENT="Options for short answer questions">
      <FIELDS>
        <FIELD NAME="id" TYPE="int" LENGTH="10" NOTNULL="true" SEQUENCE="true"/>
        <FIELD NAME="questionid" TYPE="int" LENGTH="10" NOTNULL="true" DEFAULT="0" SEQUENCE="false" COMMENT="Foreign key references question.id."/>
        <FIELD NAME="usecase" TYPE="int" LENGTH="2" NOTNULL="true" DEFAULT="0" SEQUENCE="false" COMMENT="Whether answers are matched case-sensitively."/>
        <FIELD NAME="profiledata" TYPE="char" LENGTH="20" NOTNULL="true" DEFAULT="0" SEQUENCE="false" COMMENT="Profile field."/>
      </FIELDS>
      <KEYS>
        <KEY NAME="primary" TYPE="primary" FIELDS="id"/>
        <KEY NAME="questionid" TYPE="foreign-unique" FIELDS="questionid" REFTABLE="question" REFFIELDS="id"/>
      </KEYS>
    </TABLE>
    <TABLE NAME="confdist_distribution" COMMENT="Distribution of reviewers">
      <FIELDS>
        <FIELD NAME="id" TYPE="int" LENGTH="10" NOTNULL="true" SEQUENCE="true"/>
        <FIELD NAME="courseid" TYPE="int" LENGTH="10" NOTNULL="true" DEFAULT="0" SEQUENCE="false" COMMENT="Course id"/>
        <FIELD NAME="activityid" TYPE="int" LENGTH="10" NOTNULL="true" DEFAULT="0" SEQUENCE="false" COMMENT="Activity id"/>
        <FIELD NAME="reviewer" TYPE="int" LENGTH="10" NOTNULL="true" DEFAULT="0" SEQUENCE="false" COMMENT="Reviewer id"/>
        <FIELD NAME="student" TYPE="int" LENGTH="10" NOTNULL="true" DEFAULT="0" SEQUENCE="false" COMMENT="Student id"/>
        <FIELD NAME="attempt" TYPE="int" LENGTH="10" NOTNULL="true" SEQUENCE="false" COMMENT="attemptid"/>
      </FIELDS>
      <KEYS>
        <KEY NAME="primary" TYPE="primary" FIELDS="id"/>
      </KEYS>
    </TABLE>
    <TABLE NAME="confdist_reviewers_list" COMMENT="Table for the list of the reviewer for a specific activity">
      <FIELDS>
        <FIELD NAME="id" TYPE="int" LENGTH="10" NOTNULL="true" SEQUENCE="true"/>
        <FIELD NAME="courseid" TYPE="int" LENGTH="10" NOTNULL="false" SEQUENCE="false"/>
        <FIELD NAME="activityid" TYPE="int" LENGTH="10" NOTNULL="false" SEQUENCE="false"/>
        <FIELD NAME="reviewer" TYPE="int" LENGTH="10" NOTNULL="false" SEQUENCE="false"/>
      </FIELDS>
      <KEYS>
        <KEY NAME="primary" TYPE="primary" FIELDS="id"/>
      </KEYS>
    </TABLE>
    <TABLE NAME="confdist_editors_list" COMMENT="List of editors">
      <FIELDS>
        <FIELD NAME="id" TYPE="int" LENGTH="10" NOTNULL="true" SEQUENCE="true"/>
        <FIELD NAME="courseid" TYPE="int" LENGTH="10" NOTNULL="false" SEQUENCE="false" COMMENT="Course id"/>
        <FIELD NAME="activityid" TYPE="int" LENGTH="10" NOTNULL="false" SEQUENCE="false" COMMENT="Activity id"/>
        <FIELD NAME="editor" TYPE="int" LENGTH="10" NOTNULL="false" SEQUENCE="false" COMMENT="Editor"/>
      </FIELDS>
      <KEYS>
        <KEY NAME="primary" TYPE="primary" FIELDS="id"/>
      </KEYS>
    </TABLE>
    <TABLE NAME="confdist_editors_dist" COMMENT="Distribution of editors">
      <FIELDS>
        <FIELD NAME="id" TYPE="int" LENGTH="10" NOTNULL="true" SEQUENCE="true"/>
        <FIELD NAME="courseid" TYPE="int" LENGTH="10" NOTNULL="false" SEQUENCE="false" COMMENT="Course id"/>
        <FIELD NAME="activityid" TYPE="int" LENGTH="10" NOTNULL="false" SEQUENCE="false" COMMENT="Activity id"/>
        <FIELD NAME="editor" TYPE="int" LENGTH="10" NOTNULL="false" SEQUENCE="false" COMMENT="editor"/>
        <FIELD NAME="student" TYPE="int" LENGTH="10" NOTNULL="false" SEQUENCE="false" COMMENT="Student"/>
        <FIELD NAME="attempt" TYPE="int" LENGTH="10" NOTNULL="false" SEQUENCE="false" COMMENT="Attempt"/>
      </FIELDS>
      <KEYS>
        <KEY NAME="primary" TYPE="primary" FIELDS="id"/>
      </KEYS>
    </TABLE>
    <TABLE NAME="confdist_chairmen_list" COMMENT="Default comment for the table, please edit me">
      <FIELDS>
        <FIELD NAME="id" TYPE="int" LENGTH="10" NOTNULL="true" SEQUENCE="true"/>
        <FIELD NAME="courseid" TYPE="int" LENGTH="10" NOTNULL="false" SEQUENCE="false"/>
        <FIELD NAME="activityid" TYPE="int" LENGTH="10" NOTNULL="false" SEQUENCE="false"/>
        <FIELD NAME="chairman" TYPE="int" LENGTH="10" NOTNULL="false" SEQUENCE="false"/>
      </FIELDS>
      <KEYS>
        <KEY NAME="primary" TYPE="primary" FIELDS="id"/>
      </KEYS>
    </TABLE>
  </TABLES>
</XMLDB>